u_userID,u_firstName,u_lastName,u_email,u_phoneNumber,u_address,u_dateOfBirth,u_password
1,Nancy,Berger,angela59@example.com,+1-761-745-0110,"5489 Werner Trail Suite 032
Shannonland, DE 46210",1975-12-08,defaultpassword
2,Judith,Allen,johnnynelson@example.com,226.659.1296x95,"7683 Rodney Plaza
North Nicolestad, TX 35612",1965-11-20,defaultpassword
3,Brent,Maxwell,andrea09@example.com,(415)276-1293x6,"97465 Murphy Loaf
West Rogerberg, HI 52746",1971-01-25,defaultpassword
4,James,Johnson,lindaclark@example.com,617-413-4874,"028 Zachary Drives
Alimouth, FL 81734",1981-11-28,defaultpassword
5,Kimberly,Obrien,gwebb@example.org,5752436137,"03597 Patricia Via Suite 677
Lake Leahfort, DE 53514",1966-02-27,defaultpassword
6,Erika,Mckinney,timothyneal@example.org,332-954-5281x10,"USNV Thomas
FPO AE 84247",1971-02-26,defaultpassword
7,Reginald,Fleming,bradleynelson@example.org,381-552-9472x23,"90291 Chad Estates Suite 226
Harrisfort, OR 01727",1973-06-17,defaultpassword
8,Rodney,Buck,john70@example.com,(318)680-3253x2,"583 John Valleys
Lake Rebecca, MP 99374",1985-02-01,defaultpassword
9,Amy,Singh,megantucker@example.com,(457)981-1696x3,"73793 Watkins Fords Suite 590
Summersside, WY 30055",1989-08-26,defaultpassword
10,Tanner,Martinez,russelltiffany@example.org,(712)739-6537,"89803 Deborah Rapids
West Stephanie, AS 52682",1964-03-13,defaultpassword
11,Patrick,Winters,richard79@example.com,340.447.6617x94,"5398 Collins Shores Suite 920
South Nicholasport, DC 10124",1994-01-07,defaultpassword
12,Lisa,Johnson,obender@example.net,968.864.8268,"044 Amanda Parkway
Lake Lauraport, AK 84509",1974-07-02,defaultpassword
13,Mary,Harris,greenerichard@example.net,690-490-7430,"PSC 9934, Box 5476
APO AE 39509",1977-11-05,defaultpassword
14,Alicia,Jenkins,katiereynolds@example.net,001-413-297-692,"327 Walker Parks Suite 394
Elizabethchester, OR 14119",1952-04-28,defaultpassword
15,Robin,Frey,robert20@example.org,(415)885-8948,"18743 Smith Cape Apt. 027
Lake Lori, MN 71700",1969-08-13,defaultpassword
16,Martin,Richardson,wesleyfitzpatrick@example.org,+1-706-532-3789,"385 Kenneth Locks Apt. 250
Pamelaborough, GU 32935",1976-12-29,defaultpassword
17,Austin,Munoz,jason05@example.net,976-620-6947x50,"27012 Charles Cliff
Port Samuel, GA 65616",1979-08-10,defaultpassword
18,Cheryl,Lowe,mark64@example.org,396-373-3568x02,"04314 Bennett Lodge Apt. 621
Deleonbury, WI 03256",1965-01-02,defaultpassword
19,Angelica,Lopez,gregory65@example.net,+1-264-526-1358,"60909 Morrow Street
East Molly, VA 52542",1997-09-22,defaultpassword
20,Laura,Hernandez,petersonkathryn@example.com,001-793-451-053,"4267 Williams Lodge
Lake Tracy, RI 53379",1964-06-15,defaultpassword
21,Emily,Melton,montgomerybenjamin@example.net,216-691-9636x75,"0993 Young Orchard
Taylorhaven, PR 79490",1993-06-03,defaultpassword
22,Erin,Dixon,lambsherry@example.com,001-210-249-720,"539 Mark Village
Thomaston, GU 60099",1965-08-05,defaultpassword
23,Joseph,Mills,middletongeorge@example.com,3154933312,"9466 Nelson Summit
Jacobbury, TN 83724",1991-11-09,defaultpassword
24,Nicole,Jones,tmurray@example.org,8554897419,"4518 Porter Heights Suite 033
Lake Jenniferport, WV 84609",1994-11-12,defaultpassword
25,David,Smith,plindsey@example.com,740.779.0072x09,"9944 Carol Glens Suite 606
Caitlynburgh, TX 92801",1981-07-18,defaultpassword
26,Rachel,Wallace,asmith@example.net,692-334-0273x63,"99383 Landry Camp
Kempstad, GU 44197",1948-01-26,defaultpassword
27,Juan,Price,elliottdylan@example.net,239-278-0683x30,"64333 Dawn Flats
North Nicolechester, OR 88925",1956-04-11,defaultpassword
28,Susan,Walton,calvin16@example.com,756-954-4003x88,"456 Judy Ridges
Jamesstad, OR 98097",2001-12-10,defaultpassword
29,Jeremy,Taylor,valeriesawyer@example.net,989.408.3182x05,"USCGC Mitchell
FPO AE 13728",2005-02-02,defaultpassword
30,Chris,Mccarthy,urussell@example.net,579.444.9855,"172 Natalie Unions
South Stacy, OH 79573",1949-07-11,defaultpassword
31,Renee,Wilson,michelle78@example.net,(282)694-3568x4,"001 Hicks Canyon Suite 301
Charlesshire, PA 09320",1965-08-24,defaultpassword
32,Robin,Roberts,whitejesse@example.com,(340)888-1973,"1209 Cassandra Lodge Apt. 004
Port Jasonbury, ME 23664",1989-12-05,defaultpassword
33,Stacey,Walsh,jessicacollins@example.com,(275)369-2894,"389 Steven Spurs Apt. 890
New Natashabury, VT 00779",1965-03-21,defaultpassword
34,Jenna,Myers,debra98@example.net,001-920-240-446,"72941 Kimberly Drives
South Breanna, NE 90972",2000-01-29,defaultpassword
35,Patricia,Fletcher,veronica00@example.net,423.355.6041,"883 Barnes Motorway
South Kyleport, PR 66292",1962-11-09,defaultpassword
36,Douglas,Garcia,dawnroberts@example.net,631-245-3232x61,"098 Carroll Valley Apt. 262
Bradfordstad, RI 75416",2006-01-02,defaultpassword
37,Randy,White,arodriguez@example.org,001-828-265-409,"Unit 6398 Box 6448
DPO AP 22512",1976-12-12,defaultpassword
38,Bianca,Huffman,michelle17@example.org,5492595240,"19137 Joseph Park Apt. 942
Cameronmouth, LA 51086",1982-12-23,defaultpassword
39,Maurice,Carr,sarah25@example.org,2459578705,"855 Howard Dam
Lake Megan, MP 97336",1996-02-02,defaultpassword
40,Christopher,Hampton,cruzjennifer@example.com,4856282210,"4405 Natasha Field
East Ericmouth, MT 59582",2005-01-17,defaultpassword
41,Brandy,Michael,wlee@example.net,6883238414,"4056 Floyd Flats Suite 641
West Brittanymouth, NC 24560",1980-10-31,defaultpassword
42,Faith,Pennington,jacksonnathaniel@example.org,001-919-744-186,"4045 Smith Squares Suite 279
Harristown, CA 02771",1968-06-21,defaultpassword
43,Richard,Davis,vanessa43@example.org,480.468.7202,"3388 Elliott Path Apt. 214
North Josephmouth, OR 13213",1974-02-08,defaultpassword
44,Kevin,King,collinsanthony@example.com,915-207-4700x08,"598 Moore Drive
New Kimberlyport, MT 50382",1957-10-15,defaultpassword
45,Kimberly,Andrews,christopherhernandez@example.com,970-849-4599x98,"45031 Carl Highway
Melvinfort, GA 85311",2004-08-11,defaultpassword
46,Joshua,Mcdaniel,williamstina@example.org,478.989.5151,"81098 Anna Mills
Taylorview, VA 38665",1960-01-14,defaultpassword
47,Janice,Kirk,ryanwhite@example.net,(594)375-4321,"480 Smith Route Suite 816
North Mirandaport, CA 12056",1990-08-07,defaultpassword
48,Alison,Baker,lindsey13@example.org,001-580-476-624,"09599 Flores Rapids
East Cheryl, SD 58123",1978-11-06,defaultpassword
49,Donna,Simon,douglascherry@example.com,001-352-940-011,"6704 Dougherty Unions Apt. 194
Nicoleburgh, WA 84765",1985-12-14,defaultpassword
50,Suzanne,Morgan,bradshawscott@example.com,856.755.8554,"33409 Edwards Terrace
West Williamton, NV 86354",1967-12-06,defaultpassword
51,Brian,Snyder,reedangela@example.com,(704)689-6090x2,"10588 Kaitlyn Shore Suite 281
Coreyville, WY 98772",1969-04-28,defaultpassword
52,Stephanie,Robertson,xsmith@example.org,215.385.8401x00,"PSC 7017, Box 1704
APO AA 21809",1985-05-20,defaultpassword
53,Ronald,Boyd,johnhunter@example.org,+1-718-490-6490,"PSC 3686, Box 3050
APO AA 76199",1972-07-04,defaultpassword
54,Rodney,Patterson,ashley31@example.net,001-227-736-512,"059 Amber Club Apt. 771
East Paul, MS 29798",1957-03-25,defaultpassword
55,Gina,Waters,bailey42@example.net,+1-775-580-9191,"923 Ellis Ways
East Jonathan, MI 40695",1963-08-01,defaultpassword
56,Jennifer,Matthews,sbarnes@example.com,+1-201-739-1263,"USNS Woodward
FPO AA 02350",2000-09-11,defaultpassword
57,Melissa,Rangel,karen43@example.org,(365)456-8341x0,"8963 Annette Loaf
West Emilyview, SD 38145",1987-05-11,defaultpassword
58,Donna,Henderson,mariaatkinson@example.org,001-231-876-709,"8353 Hall Street
Cameronberg, GU 41959",1971-01-18,defaultpassword
59,Harold,Rhodes,jibarra@example.org,001-872-984-282,"373 Deborah Heights Apt. 531
West Mathew, ID 94204",2000-01-14,defaultpassword
60,James,Miller,reedamy@example.net,001-501-709-988,"1751 Paige Radial
North Lisa, MO 50713",1960-03-15,defaultpassword
61,Kristopher,Cunningham,zdavid@example.net,001-907-865-308,"514 Steven Harbor
North John, AS 01852",1967-12-15,defaultpassword
62,Kimberly,Rodriguez,joshuabarber@example.net,(303)793-2181,"30791 Amy Land Apt. 012
Hesschester, MI 54351",1966-04-10,defaultpassword
63,Jeffrey,Scott,sabrinaking@example.org,001-920-711-474,"0795 Perry Mills
Averybury, HI 14600",1973-08-24,defaultpassword
64,Richard,Gardner,tthompson@example.net,001-634-500-646,"PSC 5156, Box 7964
APO AE 19305",1946-05-22,defaultpassword
65,Diane,Parker,connie66@example.net,317.234.6578,"61398 James Path Apt. 245
Port Donaldhaven, NC 03019",1947-03-20,defaultpassword
66,Jasmine,Castillo,richardbell@example.org,+1-228-511-4276,"39681 Ayala Track
West Sheena, MD 93287",1952-08-11,defaultpassword
67,Michael,Adkins,thomasmegan@example.net,001-682-759-395,"43930 Moore Rue
South Emily, MI 92670",1988-11-10,defaultpassword
68,Margaret,Brooks,francisanthony@example.net,+1-948-745-9537,"53211 Charles Prairie
West Kathleen, ND 17560",2005-09-06,defaultpassword
69,Barbara,Ware,tyang@example.com,362-278-3044,"7052 Gutierrez Plain
South Joanberg, KY 88924",1949-10-07,defaultpassword
70,Barbara,Smith,jilliangarcia@example.net,(505)200-7964x1,"5110 Young Stravenue
Bakerside, VI 10299",1955-10-11,defaultpassword
71,Chad,Martin,shawn96@example.com,(928)374-5997x0,"68922 Bishop Manors Suite 501
South Brendabury, GU 69828",1960-06-12,defaultpassword
72,Renee,Allison,austinshannon@example.net,653-719-0387x24,"675 Michael Heights
South Meganmouth, ND 92726",1969-07-20,defaultpassword
73,Christina,Thompson,jonesjackie@example.net,944.430.2369x03,"186 Douglas Freeway Suite 632
Randyland, CT 60474",1986-04-15,defaultpassword
74,John,Adkins,mandypatton@example.org,+1-566-559-1908,"66578 Hicks Route
South Lynn, FL 33037",1993-09-07,defaultpassword
75,Danielle,Sanchez,megan21@example.org,717.626.6664,"36415 Misty Pike Apt. 221
North Brianchester, IA 09606",1980-01-20,defaultpassword
76,Nicholas,Morris,ysilva@example.org,307-629-4689x22,"3988 Sanchez Mountain
East Chad, CA 89622",2003-07-01,defaultpassword
77,Jeffrey,Luna,timothy51@example.com,(958)657-3047x4,"27270 David Village Suite 258
East Jason, ID 47030",1961-08-16,defaultpassword
78,Ashley,Smith,andrea30@example.net,770.884.4371x04,"USS Price
FPO AE 38063",1945-05-08,defaultpassword
79,Brian,Johnson,iwilliams@example.org,+1-281-751-1936,"USS Rodriguez
FPO AP 21658",1960-01-08,defaultpassword
80,Victor,Leblanc,lhicks@example.org,733-669-6765x06,"741 Gina Forges Suite 719
Douglasstad, GU 39260",1981-12-20,defaultpassword
81,Brooke,Wilson,cole36@example.net,348.253.5446,"139 Everett Canyon
Weberfurt, SC 72952",1991-05-24,defaultpassword
82,Michael,King,scottshaffer@example.net,(307)781-1846x7,"74513 Morris Burgs Suite 107
South Beverly, MO 35949",1983-11-22,defaultpassword
83,Kimberly,Bennett,tamaraarmstrong@example.net,527.777.7864,"803 Zachary Tunnel Apt. 094
South Jillian, MD 49304",1989-06-26,defaultpassword
84,Walter,Williams,ustevens@example.net,001-314-697-706,"51648 Frank Burg
Carrollfort, IN 97426",1953-02-16,defaultpassword
85,Kimberly,Davis,evansjeff@example.org,5677733786,"7841 Reynolds Squares Suite 342
South Anthony, FM 41271",1999-10-17,defaultpassword
86,Benjamin,White,christie95@example.net,(353)721-4922x1,"USS Schmidt
FPO AA 80051",1973-08-16,defaultpassword
87,David,Parker,samuelthompson@example.com,976.474.5131x52,"345 Weaver Forest Suite 470
Gonzalezfurt, NE 06382",1963-04-22,defaultpassword
88,Dale,Miller,parkerjessica@example.com,315.821.8540x82,"1359 Paul Forks Apt. 376
Andersonview, MT 57674",1980-01-17,defaultpassword
89,Annette,Rodriguez,chenjacqueline@example.com,565.608.2656x02,"320 Kathy Plaza
Smithland, MS 28794",1951-04-06,defaultpassword
90,Kristen,Berger,kramerbryan@example.com,001-909-674-377,"6582 Ramirez Garden
Caseyview, FM 52939",1991-03-25,defaultpassword
91,Robert,Newman,jason47@example.net,9132909710,"10456 Gomez Hill
Davisshire, WA 80354",1956-06-07,defaultpassword
92,Christopher,Perkins,marquezcatherine@example.com,4862337159,"Unit 2581 Box 7384
DPO AA 01179",1945-10-13,defaultpassword
93,Tara,Jones,brownmichael@example.com,842-732-2717x66,"PSC 7865, Box 3108
APO AE 93841",2006-01-11,defaultpassword
94,Joseph,Aguirre,ncampbell@example.org,001-973-486-734,"7859 Pierce Oval Apt. 878
Jonesview, MN 06649",1947-06-18,defaultpassword
95,Curtis,Hall,nunezlisa@example.com,+1-637-201-5776,"698 Zimmerman Glens Suite 441
Port Roberttown, MD 02826",1972-08-21,defaultpassword
96,Alicia,Black,michele83@example.net,(909)729-8547x7,"023 Black Hollow Apt. 938
Jensenshire, OH 28553",1952-09-24,defaultpassword
97,Matthew,Wallace,kyang@example.org,001-944-549-187,"1801 Kirk Forks
Rodneymouth, LA 74215",1978-08-06,defaultpassword
98,Kevin,Carroll,mooredavid@example.com,(490)537-9958x0,"6345 Knight Dam
Lake Nathanielchester, VI 82973",2001-04-02,defaultpassword
99,Carrie,Crawford,montesmichael@example.net,404-337-8904x30,"4413 Theodore Common
Madelinefurt, MT 82198",1951-01-01,defaultpassword
100,Kimberly,Campos,ryan45@example.com,+1-788-797-0459,"6481 Smith Lakes Suite 999
South Heatherport, MD 78838",2003-07-31,defaultpassword
101,John,Doe,johndoe@gmail.com,0000000000,Main St.,2024-12-06,123
102,Jane,Doe,janedoe@email,0000000000,Main St.,2024-12-06,123
